hero/hero_avatar/Ahri.jpg	Ahri
hero/hero_avatar/Akali.jpg	Akali
hero/hero_avatar/Alistar.jpg	Alistar
hero/hero_avatar/Amumu.jpg	Amumu
hero/hero_avatar/Annie.jpg	Annie
hero/hero_avatar/Ashe.jpg	Ashe
hero/hero_avatar/Aurelion_Sol.jpg	Aurelion_Sol
hero/hero_avatar/Blitzcrank.jpg	Blitzcrank
hero/hero_avatar/Braum.jpg	Braum
hero/hero_avatar/Camille.jpg	Camille
hero/hero_avatar/Corki.jpg	Corki
hero/hero_avatar/Darius.jpg	Darius
hero/hero_avatar/Diana.jpg	Diana
hero/hero_avatar/Dr._Mundo.jpg	Dr._Mundo
hero/hero_avatar/Draven.jpg	Draven
hero/hero_avatar/Evelynn.jpg	Evelynn
hero/hero_avatar/Ezreal.jpg	Ezreal
hero/hero_avatar/Fiora.jpg	Fiora
hero/hero_avatar/Fizz.jpg	Fizz
hero/hero_avatar/Galio.jpg	Galio
hero/hero_avatar/Garen.jpg	Garen
hero/hero_avatar/Gragas.jpg	Gragas
hero/hero_avatar/Graves.jpg	Graves
hero/hero_avatar/Janna.jpg	Janna
hero/hero_avatar/Jarvan_IV.jpg	Jarvan_IV
hero/hero_avatar/Jax.jpg	Jax
hero/hero_avatar/Jhin.jpg	Jhin
hero/hero_avatar/Jinx.jpg	Jinx
hero/hero_avatar/KaiSa.jpg	KaiSa
hero/hero_avatar/Katarina.jpg	Katarina
hero/hero_avatar/Kennen.jpg	Kennen
hero/hero_avatar/KhaZix.jpg	KhaZix
hero/hero_avatar/Lee_Sin.jpg	Lee_Sin
hero/hero_avatar/Leona.jpg	Leona
hero/hero_avatar/Lulu.jpg	Lulu
hero/hero_avatar/Lux.jpg	Lux
hero/hero_avatar/Malphite.jpg	Malphite
hero/hero_avatar/Master_Yi.jpg	Master_Yi
hero/hero_avatar/Miss_Fortune.jpg	Miss_Fortune
hero/hero_avatar/Nami.jpg	Nami
hero/hero_avatar/Nasus.jpg	Nasus
hero/hero_avatar/Olaf.jpg	Olaf
hero/hero_avatar/Orianna.jpg	Orianna
hero/hero_avatar/Pantheon.jpg	Pantheon
hero/hero_avatar/Rakan.jpg	Rakan
hero/hero_avatar/Rammus.jpg	Rammus
hero/hero_avatar/Rengar.jpg	Rengar
hero/hero_avatar/Seraphine.jpg	Seraphine
hero/hero_avatar/Shyvana.jpg	Shyvana
hero/hero_avatar/Singed.jpg	Singed
hero/hero_avatar/Sona.jpg	Sona
hero/hero_avatar/Soraka.jpg	Soraka
hero/hero_avatar/Teemo.jpg	Teemo
hero/hero_avatar/Tristana.jpg	Tristana
hero/hero_avatar/Tryndamere.jpg	Tryndamere
hero/hero_avatar/Twisted_Fate.jpg	Twisted_Fate
hero/hero_avatar/Varus.jpg	Varus
hero/hero_avatar/Vayne.jpg	Vayne
hero/hero_avatar/Vi.jpg	Vi
hero/hero_avatar/Wukong.jpg	Wukong
hero/hero_avatar/Xin_Zhao.jpg	Xin_Zhao
hero/hero_avatar/Yasuo.jpg	Yasuo
hero/hero_avatar/Zed.jpg	Zed
hero/hero_avatar/Ziggs.jpg	Ziggs
